Source,K,Non-tail cap W,Streams,Aggregate completion tok/s,Acceptance %,TTFT ms,Requests
F-CMP-K2-150,2,150,1,89.99,100.00,176.18,2
F-CMP-K2-150,2,150,2,145.06,93.36,202.16,4
F-CMP-K2-150,2,150,4,187.63,82.04,246.91,8
F-CMP-K2-150,2,150,8,286.38,78.98,279.37,16
F-CMP-K2-225,2,225,1,89.79,100.00,180.24,2
F-CMP-K2-225,2,225,2,140.32,90.03,196.73,4
F-CMP-K2-225,2,225,4,184.96,77.46,245.61,8
F-CMP-K2-225,2,225,8,274.59,79.01,308.70,16
F-CMP-K5-150,5,150,1,106.82,100.00,183.59,2
F-CMP-K5-150,5,150,2,124.56,71.28,203.77,4
F-CMP-K5-150,5,150,4,147.67,51.85,250.57,8
F-CMP-K5-150,5,150,8,225.98,50.98,279.35,16
F-CMP-K5-225,5,225,1,106.49,100.00,181.28,2
F-CMP-K5-225,5,225,2,134.30,76.49,206.70,4
F-CMP-K5-225,5,225,4,158.99,58.55,249.83,8
F-CMP-K5-225,5,225,8,210.06,55.52,278.41,16
