Source,Prompt kind,Offered streams,Stream decode tok/s,Aggregate completion tok/s,TTFT ms,Requests
D150-A,structured,1,126.81,121.94,134.74,5
D150-A,structured,4,107.45,400.47,246.44,20
D150-A,structured,8,86.83,624.73,409.42,40
D150-A,code,1,110.12,104.61,195.63,5
D150-A,code,4,87.18,305.93,325.78,20
D150-A,code,8,63.69,462.41,430.55,40
D150-A,prose,1,84.55,82.30,141.02,5
D150-A,prose,4,70.39,266.18,260.51,20
D150-A,prose,8,52.27,382.61,318.45,40
D150-B,structured,1,117.55,113.26,137.81,5
D150-B,structured,4,96.62,362.22,242.35,20
D150-B,structured,8,83.76,597.78,315.30,40
D150-B,code,1,97.73,93.67,183.69,5
D150-B,code,4,79.63,286.79,306.50,20
D150-B,code,8,63.92,450.19,395.60,40
D150-B,prose,1,80.91,79.08,119.99,5
D150-B,prose,4,65.97,250.43,257.70,20
D150-B,prose,8,54.52,399.37,298.47,40
D150-C,structured,1,126.70,121.92,133.50,5
D150-C,structured,4,100.45,377.71,233.72,20
D150-C,structured,8,87.16,626.80,341.98,40
D150-C,code,1,105.11,100.62,179.15,5
D150-C,code,4,82.73,294.75,298.46,20
D150-C,code,8,65.46,472.39,407.93,40
D150-C,prose,1,88.92,86.89,117.41,5
D150-C,prose,4,68.84,260.85,255.66,20
D150-C,prose,8,54.03,399.28,303.78,40
D160-7,structured,1,96.62,92.90,181.96,5
D160-7,structured,4,93.44,344.03,251.17,20
D160-7,structured,8,91.48,324.39,4285.00,40
D160-7,code,1,128.38,121.07,191.84,5
D160-7,code,4,79.10,285.98,324.50,20
D160-7,code,8,77.25,283.27,2744.95,40
D160-7,prose,1,82.56,80.26,170.76,5
D160-7,prose,4,67.85,249.71,264.51,20
D160-7,prose,8,64.79,243.48,3246.45,40
D160-5,structured,1,162.74,152.19,176.27,5
D160-5,structured,4,95.76,357.56,249.63,20
D160-5,structured,8,93.07,348.90,2435.85,40
D160-5,code,1,122.58,116.23,185.15,5
D160-5,code,4,81.11,292.58,328.12,20
D160-5,code,8,75.55,283.85,2720.71,40
D160-5,prose,1,86.67,83.63,150.94,5
D160-5,prose,4,66.90,254.71,260.93,20
D160-5,prose,8,64.19,245.93,3198.68,40
